gene,Gene_Name,Athaliana_geneID,log2FC,padj.x,log2FC,padj.y,log2FC,padj,log2FC,padj.x,log2FC,padj.y,log2FC,padj,log2FC,padj.x,log2FC,padj.y,log2FC,padj,LFC,p.adj,LFC,p.adj,LFC,p.adj,LFC,p.adj,LFC,p.adj,LFC,p.adj,LFC,p.adj,LFC,p.adj
Soltu.DM.03G032090,4-coumarate:CoA ligase,AT3G21240,1.14,3.66E-02,,1.60E-01,,1.52E-01,,2.83E-01,,6.45E-01,,2.12E-01,-1.33,7.49E-04,-2.48,4.66E-11,-0.88,2.90E-02,,6.34E-01,,1.13E-01,1.19,3.98E-03,,6.06E-02,,2.95E-01,-1.15,5.17E-03,,4.28E-01,,9.54E-01
Soltu.DM.06G024540,4-coumarate:CoA ligase,AT3G21240,1.46,3.89E-04,,1.16E-01,,7.87E-01,1.41,5.28E-04,,1.20E-01,,8.59E-01,-2.96,5.96E-20,-3.60,3.41E-29,-1.76,9.37E-08,1.27,1.62E-04,,8.87E-01,1.70,5.90E-07,1.63,1.80E-06,1.87,1.24E-08,,9.60E-01,0.96,8.99E-03,1.00,5.69E-03
Soltu.DM.07G024630,beta-glucosidase,AT1G61810,,9.38E-01,,9.90E-01,-1.84,2.24E-03,,8.33E-01,,9.71E-01,,6.28E-02,,1.01E-01,-6.47,2.89E-06,,2.57E-01,-2.18,1.50E-05,-2.48,1.42E-06,,4.30E-01,,1.93E-01,-5.20,1.96E-22,-11.04,1.32E-16,-9.12,1.88E-11,-9.41,3.41E-12
Soltu.DM.09G025040,caffeoyl-CoA 3-O-methyltransferase,AT1G67980,,9.11E-02,-2.19,3.83E-02,,5.96E-01,,5.58E-01,,8.19E-01,,6.41E-01,,4.32E-01,,6.59E-01,-3.00,6.65E-05,-2.19,4.81E-03,,9.44E-01,,2.04E-01,,6.08E-02,-3.08,4.56E-05,,6.20E-01,-2.02,2.05E-02,,4.78E-01
Soltu.DM.06G032850,cinnamate-4-hydroxylase,AT2G30490,1.29,1.76E-03,,1.54E-01,,5.82E-01,1.03,2.25E-02,,5.08E-01,,9.95E-01,-2.23,3.15E-12,-2.26,1.61E-12,-1.55,1.82E-06,0.79,2.20E-02,,8.39E-01,1.10,1.66E-03,1.14,9.81E-04,0.92,6.11E-03,,6.32E-01,,1.23E-01,,7.07E-02
Soltu.DM.06G032860,cinnamate-4-hydroxylase,AT2G30490,1.37,4.47E-03,,1.63E-01,,9.19E-01,1.09,4.37E-02,,6.29E-01,,6.87E-01,-1.67,7.58E-06,-2.05,2.44E-08,,7.36E-02,1.76,2.24E-06,,5.60E-02,2.08,2.92E-08,2.19,4.29E-09,1.51,5.07E-05,,7.49E-01,0.85,4.30E-02,0.91,2.88E-02
Soltu.DM.06G024250,cinnamoyl coa reductase,AT1G15950,,3.53E-01,,1.51E-01,1.22,1.30E-02,,5.67E-02,1.31,1.38E-02,1.25,2.20E-02,,5.37E-02,-0.87,3.80E-02,-1.64,3.10E-05,,3.03E-01,1.28,2.02E-03,,1.21E-01,1.14,7.05E-03,,9.75E-01,,7.61E-02,,4.43E-01,,5.49E-02
Soltu.DM.01G046930,cinnamyl alcohol dehydrogenase,AT3G19450,,6.98E-02,1.21,7.32E-04,,9.26E-02,,3.60E-01,1.03,9.63E-03,,2.76E-01,4.44,1.47E-54,4.19,3.33E-47,2.77,7.39E-22,,6.55E-01,1.49,6.78E-07,1.62,6.64E-08,1.48,9.70E-07,-1.37,7.75E-06,,9.21E-01,,8.11E-02,,1.15E-01
Soltu.DM.04G022660,"cytochrome P450, family 71, subfamily A, polypeptide",AT4G36220,1.63,1.91E-02,2.43,3.57E-05,,7.75E-01,,8.24E-01,,8.12E-01,,7.09E-01,-3.54,9.62E-13,-2.87,1.06E-08,-2.00,1.05E-04,2.01,5.78E-05,,4.79E-01,1.83,7.51E-04,1.25,3.46E-02,1.13,3.18E-02,,7.36E-01,2.40,4.51E-06,,8.92E-02
Soltu.DM.04G022570,"cytochrome P450, family 71, subfamily B, polypeptide",AT4G36220,,1.90E-01,1.02,3.06E-03,,7.61E-01,,9.98E-01,0.89,1.95E-02,,9.58E-01,-1.11,7.29E-05,,2.33E-01,-2.10,4.00E-15,,1.38E-01,,7.88E-02,1.28,6.50E-06,,1.24E-01,-1.68,5.05E-10,,9.27E-01,1.22,2.06E-05,0.89,2.63E-03
Soltu.DM.12G009480,"cytochrome P450, family 71, subfamily B, polypeptide",AT4G36220,,2.57E-01,,3.74E-01,1.09,2.21E-02,,9.07E-01,,5.15E-01,,6.48E-01,,3.85E-01,,5.11E-01,,1.62E-01,1.32,8.37E-04,1.12,5.97E-03,,8.96E-02,0.91,3.11E-02,,6.15E-01,,1.36E-01,-1.19,3.79E-03,-1.60,1.44E-04
Soltu.DM.12G009430,"cytochrome P450, family 71, subfamily B, polypeptide / ferulic acid 5-hydroxylase",AT5G57260 / AT4G36220,,5.13E-01,,4.74E-01,1.65,2.21E-04,,8.82E-01,,9.85E-01,,6.45E-01,,9.85E-01,,1.87E-01,,3.15E-01,2.76,4.87E-13,2.32,1.48E-09,1.13,5.09E-03,2.13,2.94E-08,1.56,8.64E-05,,2.59E-01,,1.47E-01,,8.35E-01
Soltu.DM.01G035860,"cytochrome P450, family 98, subfamily A, polypeptide",AT2G40890,,5.41E-01,1.14,3.57E-02,,5.93E-01,,9.78E-01,1.19,4.50E-02,,9.59E-01,-3.30,1.95E-17,-2.43,8.73E-10,-1.65,3.09E-05,0.85,4.25E-02,,7.65E-02,,1.55E-01,-0.92,4.36E-02,,5.26E-01,-1.08,1.37E-02,,5.94E-01,,9.58E-01
Soltu.DM.10G029960,"cytochrome P450, family 98, subfamily A, polypeptide",AT2G40890,1.01,3.98E-03,,1.58E-01,,1.66E-01,0.92,1.15E-02,,8.85E-01,,6.29E-01,-2.00,3.12E-14,-1.39,2.16E-07,-2.22,2.25E-17,0.61,3.33E-02,0.83,3.83E-03,1.32,1.74E-06,1.48,5.96E-08,,4.60E-01,0.60,4.66E-02,0.64,3.60E-02,,1.49E-01
Soltu.DM.10G029970,"cytochrome P450, family 98, subfamily A, polypeptide",AT2G40890,1.13,1.42E-03,2.87,5.22E-24,2.48,1.75E-17,,9.72E-01,0.92,1.70E-02,,2.51E-01,1.84,2.62E-11,-0.83,4.47E-03,,5.14E-01,1.00,5.05E-04,2.62,1.35E-21,1.27,1.14E-05,2.05,1.79E-13,1.89,8.00E-12,0.84,5.67E-03,1.22,2.63E-05,1.23,2.52E-05
Soltu.DM.10G029990,"cytochrome P450, family 98, subfamily A, polypeptide",AT2G40890,1.02,4.79E-03,2.47,3.00E-18,1.87,8.85E-10,,9.48E-01,,7.60E-02,,1.43E-01,0.60,4.73E-02,-1.48,9.07E-08,-1.08,1.44E-04,,1.54E-01,2.12,2.00E-14,1.27,9.11E-06,1.55,3.94E-08,1.31,2.51E-06,0.91,2.42E-03,1.51,8.04E-08,1.02,5.58E-04
Soltu.DM.10G030000,"cytochrome P450, family 98, subfamily A, polypeptide",AT2G40890,,8.22E-02,1.82,6.15E-05,,8.78E-01,,7.01E-01,,1.01E-01,,6.67E-01,,6.13E-01,-1.85,1.91E-06,,1.04E-01,,6.66E-02,,7.75E-01,1.01,1.45E-02,0.87,4.16E-02,,8.48E-01,-1.29,1.77E-03,,4.08E-01,,9.30E-01
Soltu.DM.10G030030,"cytochrome P450, family 98, subfamily A, polypeptide",AT2G40890,0.97,2.93E-03,2.48,1.94E-21,1.08,4.51E-04,,9.84E-01,0.90,1.03E-02,,9.13E-01,1.26,1.06E-06,-1.33,2.44E-07,-0.59,3.32E-02,,8.23E-02,2.34,3.70E-20,2.24,6.13E-19,2.29,3.34E-19,1.28,6.40E-07,,6.63E-02,1.95,1.82E-14,1.36,3.58E-07
Soltu.DM.10G030050,"cytochrome P450, family 98, subfamily A, polypeptide",AT2G40890,0.96,1.71E-03,2.30,1.79E-20,1.47,1.08E-07,,9.76E-01,,5.91E-02,,7.95E-01,1.55,1.18E-10,-0.97,1.11E-04,-0.67,1.07E-02,0.76,3.02E-03,2.98,1.55E-35,2.48,1.52E-25,2.86,1.11E-32,1.24,4.24E-07,0.94,3.27E-04,1.78,2.08E-13,1.48,4.01E-09
Soltu.DM.10G030060,"cytochrome P450, family 98, subfamily A, polypeptide",AT2G40890,,2.36E-01,2.72,9.80E-07,,1.68E-01,,8.29E-01,,6.89E-02,,9.32E-01,,7.06E-01,-3.08,2.81E-10,-1.74,5.89E-04,,6.60E-01,2.25,9.17E-06,2.22,7.83E-06,2.44,1.49E-06,1.24,1.21E-02,,9.07E-01,1.65,1.35E-03,1.16,4.21E-02
Soltu.DM.11G002020,elicitor-activated gene 3-2,AT4G37990,2.23,4.26E-03,,3.69E-01,,9.21E-01,1.83,3.23E-02,,3.71E-01,,9.54E-01,-6.71,1.61E-32,-2.95,3.62E-08,,5.56E-01,2.56,1.56E-06,-3.76,1.68E-10,-1.42,1.89E-02,-2.02,5.03E-04,1.41,1.10E-02,,5.79E-02,,7.77E-01,,6.85E-01
Soltu.DM.11G002050,elicitor-activated gene 3-2,AT4G37980,-5.27,8.20E-03,2.12,4.26E-02,,5.00E-01,,1.25E-01,,1.89E-01,,9.09E-01,-2.14,1.36E-02,-2.11,9.36E-03,,7.48E-01,,2.41E-01,,1.29E-01,-5.84,1.81E-04,-4.55,1.40E-03,1.95,1.53E-02,,6.50E-01,2.49,3.37E-03,,1.08E-01
Soltu.DM.11G002250,elicitor-activated gene 3-2,AT4G39330,1.64,1.99E-02,,4.75E-01,,7.77E-01,1.50,4.50E-02,,3.04E-01,,6.93E-01,-6.05,1.09E-34,-3.27,9.54E-11,,8.83E-02,4.06,3.66E-16,,6.76E-02,,6.64E-01,,9.95E-01,,6.73E-02,-1.34,1.70E-02,,1.07E-01,,1.99E-01
Soltu.DM.04G022640,ferulic acid 5-hydroxylase,AT4G36220,2.80,9.42E-03,3.03,2.41E-03,,8.00E-01,,7.24E-01,,2.85E-01,,9.64E-01,-3.90,1.28E-06,-2.66,1.43E-03,,1.85E-01,,4.30E-01,-2.09,1.81E-02,,7.64E-01,,1.26E-01,,4.67E-01,-2.20,1.19E-02,,6.75E-01,,4.71E-01
Soltu.DM.12G009450,ferulic acid 5-hydroxylase,AT5G07990,,8.05E-01,,1.30E-01,1.50,1.69E-02,,9.18E-01,,6.83E-01,,7.26E-01,1.77,6.51E-04,,6.34E-01,,8.78E-01,,8.55E-01,1.74,9.21E-04,,3.91E-01,1.17,3.78E-02,,6.96E-02,-1.19,3.42E-02,-1.57,3.87E-03,-2.11,9.20E-05
Soltu.DM.04G028320,laccase,AT5G09360,3.62,2.25E-03,2.64,3.49E-02,,2.87E-01,,5.69E-01,,5.50E-01,,6.53E-02,,1.20E-01,,2.53E-01,2.98,1.64E-03,2.09,3.50E-02,-2.51,1.25E-02,2.54,1.25E-02,,3.13E-01,,1.26E-01,-2.65,7.96E-03,,2.10E-01,,3.72E-01
Soltu.DM.06G032540,laccase,AT2G30210,,9.58E-01,,7.94E-01,-2.43,4.55E-03,,9.93E-01,,9.48E-01,,8.52E-01,,7.17E-01,,9.69E-02,1.67,1.74E-02,,8.15E-02,,9.56E-01,2.47,1.01E-03,,8.45E-01,,6.52E-01,,9.71E-01,2.75,2.07E-04,,9.46E-01
Soltu.DM.03G021440,O-methyltransferase,AT5G54160,,5.25E-02,0.75,2.66E-02,1.03,9.69E-04,,1.96E-01,,4.29E-01,1.14,7.39E-04,-1.28,6.72E-07,-1.64,4.55E-11,-1.93,4.22E-14,0.64,1.76E-02,1.29,1.43E-06,0.98,3.21E-04,0.72,1.08E-02,1.64,4.76E-11,1.92,9.54E-14,1.64,1.61E-10,1.19,6.72E-06
Soltu.DM.02G019030,Peroxidase superfamily protein,AT5G05340,,4.86E-01,1.72,1.58E-02,,3.42E-01,,9.32E-01,,5.04E-01,,8.82E-01,-2.25,4.07E-05,-2.25,4.79E-05,-1.97,4.37E-04,1.80,1.08E-03,1.52,1.12E-02,1.45,1.62E-02,1.57,1.10E-02,,1.65E-01,,4.45E-01,1.48,1.47E-02,1.55,1.26E-02
Soltu.DM.03G002490,Peroxidase superfamily protein,AT5G05340,,1.36E-01,1.71,2.88E-02,,5.97E-01,,8.25E-01,,4.58E-01,,6.75E-01,,5.11E-01,,1.75E-01,1.91,1.43E-03,1.60,9.15E-03,,2.64E-01,,9.67E-01,,9.09E-01,,7.40E-01,,5.44E-02,,9.56E-01,,8.80E-01
Soltu.DM.03G018030,Peroxidase superfamily protein,AT5G05340,,1.14E-01,,9.85E-01,3.44,3.55E-07,,2.63E-01,,5.29E-01,,6.99E-01,-4.05,1.29E-11,-3.02,1.26E-06,,4.05E-01,3.52,3.59E-09,,9.51E-01,-1.88,3.44E-03,,2.97E-01,1.58,1.21E-02,,2.76E-01,-4.32,3.31E-12,,5.77E-01
Soltu.DM.05G022340,Peroxidase superfamily protein,AT5G05340,1.72,1.42E-03,2.96,5.26E-11,2.56,5.25E-08,,1.87E-01,1.78,7.39E-04,,1.13E-01,-1.64,1.73E-04,-1.71,7.63E-05,,5.00E-02,,6.52E-02,,8.89E-01,,1.38E-01,,9.82E-01,,5.06E-02,,9.38E-01,,3.95E-01,,9.69E-02
Soltu.DM.06G010770,Peroxidase superfamily protein,AT5G05340,,3.02E-01,1.21,2.61E-04,1.99,4.43E-11,,1.31E-01,,2.60E-01,,3.81E-01,-1.53,6.61E-08,,5.32E-01,,9.85E-01,0.89,2.00E-03,-0.65,3.99E-02,-2.13,1.70E-14,,2.72E-01,,8.13E-02,,4.02E-01,,1.48E-01,,2.15E-01
Soltu.DM.09G009900,Peroxidase superfamily protein,AT5G05340,1.57,3.64E-02,,2.47E-01,3.62,2.48E-10,,3.92E-01,,9.72E-01,,1.88E-01,-1.78,1.17E-03,,1.08E-01,,2.37E-01,1.13,4.59E-02,,9.61E-01,-2.00,3.16E-04,,8.62E-01,,9.83E-02,,2.68E-01,-1.97,3.96E-04,,6.74E-01
Soltu.DM.03G011440,PHE ammonia lyase,AT2G37040,,8.15E-01,,7.65E-01,-1.55,3.17E-02,,7.90E-01,,4.95E-01,,9.38E-02,,1.14E-01,,7.99E-01,,7.43E-01,-2.83,7.39E-07,-1.57,1.03E-02,,7.07E-01,,4.23E-01,-2.11,2.64E-04,-1.66,6.38E-03,,5.40E-01,,1.10E-01
Soltu.DM.03G011460,PHE ammonia lyase,AT2G37040,,9.16E-01,,6.43E-01,-1.40,1.96E-02,,7.57E-01,,6.09E-01,,1.54E-01,,1.73E-01,,3.31E-01,,4.86E-01,-2.16,6.80E-06,,5.54E-02,,3.92E-01,,5.78E-01,-1.25,1.20E-02,-1.39,6.48E-03,,5.08E-01,,1.05E-01
Soltu.DM.03G011480,PHE ammonia lyase,AT2G37040,,7.95E-01,,6.15E-01,-1.40,2.11E-02,,7.36E-01,,6.37E-01,,1.41E-01,,2.20E-01,,4.70E-01,,6.43E-01,-1.98,4.80E-05,,5.91E-02,,2.43E-01,,5.95E-01,-1.20,1.70E-02,-1.34,9.85E-03,,5.40E-01,,1.70E-01
Soltu.DM.09G005690,PHE ammonia lyase,AT2G37040,,1.19E-01,1.04,1.43E-03,,9.20E-02,,7.83E-01,,4.09E-01,,6.56E-01,,5.87E-01,-1.27,1.55E-06,-1.18,7.40E-06,-0.76,5.98E-03,0.61,3.66E-02,0.65,2.71E-02,1.06,1.24E-04,,6.84E-01,,5.15E-01,,5.43E-01,,1.56E-01
Soltu.DM.09G005700,PHE ammonia lyase,AT2G37040,,2.17E-01,,5.06E-01,-1.13,1.68E-02,,8.87E-01,,9.52E-01,-1.30,1.05E-02,,3.59E-01,-1.51,7.97E-05,-0.88,2.56E-02,-0.82,4.19E-02,,4.66E-01,1.54,9.73E-05,1.13,5.81E-03,,6.63E-01,-0.84,4.58E-02,,9.59E-02,,4.52E-01
Soltu.DM.09G005710,PHE ammonia lyase,AT2G37040,,4.18E-01,,5.04E-01,-1.29,6.70E-03,,9.89E-01,,9.94E-01,-1.40,6.86E-03,,8.86E-01,-1.06,1.00E-02,,1.30E-01,-1.37,5.63E-04,,6.23E-02,1.06,1.39E-02,,1.85E-01,-0.81,4.98E-02,-1.23,3.01E-03,,2.82E-01,,7.49E-01
Soltu.DM.05G026870,phenylalanine ammonia-lyase,AT3G53260,1.83,9.04E-04,1.94,1.70E-04,1.70,1.13E-03,,5.69E-02,,1.04E-01,,8.33E-01,-3.42,1.55E-15,-2.00,5.07E-06,-1.47,1.01E-03,2.09,1.73E-06,,8.35E-01,,6.67E-01,1.16,1.71E-02,1.86,2.30E-05,1.33,4.83E-03,1.57,7.40E-04,2.21,8.41E-07
Soltu.DM.02G028550,S-adenosyl-L-methionine-dependent methyltransferases superfamily protein,AT4G34050,1.40,1.57E-02,,5.11E-01,,1.69E-01,,1.44E-01,,8.28E-01,,5.34E-01,-1.08,1.74E-02,-2.30,5.57E-08,,3.46E-01,1.99,3.17E-06,1.37,2.38E-03,1.96,8.02E-06,1.88,2.04E-05,3.29,2.45E-15,1.45,1.19E-03,1.14,1.58E-02,1.23,8.41E-03
Soltu.DM.10G014940,S-adenosyl-L-methionine-dependent methyltransferases superfamily protein,AT4G34050,,2.46E-01,,6.82E-02,1.30,4.83E-03,,7.76E-01,,1.41E-01,,2.59E-01,-1.75,3.55E-06,-1.12,4.31E-03,-2.13,1.08E-08,1.29,8.08E-04,1.67,1.75E-05,1.10,7.52E-03,1.27,1.67E-03,0.96,1.39E-02,1.98,2.32E-07,1.63,3.13E-05,2.16,1.26E-08
Soltu.DM.01G034740,UDP-Glycosyltransferase superfamily protein,AT4G01070,1.27,4.47E-07,,1.64E-01,,1.77E-01,1.44,1.35E-09,0.73,1.69E-02,,4.22E-01,-2.67,1.65E-36,-2.18,1.14E-24,-0.80,3.46E-04,1.39,1.40E-10,-0.48,4.96E-02,1.20,8.95E-08,1.28,9.08E-09,1.46,1.45E-11,,8.26E-01,0.94,4.55E-05,1.12,7.13E-07
Soltu.DM.04G027320,cellulose synthase A2,AT5G64740,,1.39E-01,-1.14,2.29E-04,,3.62E-01,,3.03E-01,-0.94,6.09E-03,,5.59E-01,-4.06,4.80E-61,-4.16,1.30E-64,-4.09,2.47E-62,,1.24E-01,,1.80E-01,-1.36,2.85E-07,-1.20,7.72E-06,,7.17E-01,,9.18E-01,-1.45,4.32E-08,-1.19,9.55E-06
Soltu.DM.02G009140,COBRA-like extracellular glycosyl-phosphatidyl inositol-anchored protein family,AT5G60920,,9.98E-01,,8.25E-01,1.02,5.86E-04,,8.96E-01,,7.14E-01,,6.30E-02,-1.88,1.60E-14,-2.02,1.20E-16,-2.60,7.54E-27,,8.94E-02,1.18,4.18E-06,,6.60E-01,0.61,2.87E-02,0.57,3.14E-02,1.15,8.41E-06,,9.92E-01,,4.96E-01
Soltu.DM.11G003810,Six-hairpin glycosidases superfamily protein,AT1G65610,,2.16E-01,,2.41E-01,1.06,2.95E-04,,9.94E-01,,7.64E-01,,2.72E-01,,3.92E-01,,3.13E-01,0.68,1.13E-02,1.63,1.35E-10,1.20,2.66E-06,0.63,2.04E-02,0.73,7.08E-03,1.68,2.79E-11,0.70,9.63E-03,,8.26E-01,,9.43E-01
Soltu.DM.01G005250,Glycosyl hydrolase superfamily protein,AT3G57260,,8.84E-01,,8.64E-01,1.47,2.28E-03,,7.40E-01,,6.05E-01,,5.96E-01,,7.44E-01,,9.61E-01,,9.08E-01,3.20,2.68E-16,2.95,6.65E-14,1.33,1.46E-03,2.18,5.94E-08,3.06,4.49E-15,2.96,6.02E-14,1.33,1.42E-03,2.07,3.23E-07
Soltu.DM.01G050190,glycosyl hydrolase 9B18,AT4G39010,,4.12E-01,-3.16,3.05E-05,,8.37E-01,,8.29E-01,-3.31,2.44E-05,,7.01E-01,,4.81E-01,,3.63E-01,-1.29,3.96E-02,-1.45,2.21E-02,,3.65E-01,,5.31E-02,,4.66E-01,,5.49E-01,,8.06E-01,-2.69,9.30E-05,-2.60,2.56E-04
Soltu.DM.02G023970,glycosyl hydrolase 9B5,AT1G19940,1.22,4.48E-02,,5.70E-01,,1.44E-01,,1.74E-01,,7.35E-01,,8.48E-01,-2.39,1.26E-08,-1.42,1.03E-03,-3.40,3.49E-16,,7.45E-01,,9.45E-02,1.18,1.12E-02,1.59,4.82E-04,,1.33E-01,1.31,4.85E-03,,7.68E-02,1.48,1.33E-03
Soltu.DM.07G016430,glycosyl hydrolase 9B8,AT2G32990,,9.49E-01,-5.80,3.43E-03,3.23,4.39E-02,,3.62E-01,,1.20E-01,3.70,3.38E-02,,1.85E-01,,1.09E-01,-5.32,1.32E-05,,3.92E-01,2.84,4.08E-02,,9.10E-01,-2.92,2.19E-02,,8.02E-01,3.93,2.63E-03,-5.10,3.05E-03,-2.48,4.88E-02
Soltu.DM.08G028990,glycosyl hydrolase 9C2,AT1G64390,,5.63E-01,,8.38E-01,2.14,3.57E-05,,7.40E-01,,9.74E-01,,1.81E-01,-1.47,1.38E-03,-1.97,1.07E-05,-4.22,3.70E-22,,8.62E-01,2.87,1.92E-10,,7.45E-01,1.51,1.52E-03,-1.06,2.28E-02,1.19,1.59E-02,-1.16,2.01E-02,,7.97E-01
Soltu.DM.12G008400,glycosyl hydrolase 9C2,AT1G64390,,5.06E-01,-3.96,4.23E-04,-3.03,2.37E-02,,9.86E-01,,9.77E-01,,5.30E-01,-3.40,4.32E-04,,1.93E-01,-4.83,8.30E-08,-2.57,5.72E-03,,3.27E-01,,7.39E-01,-2.33,2.74E-02,,4.64E-01,2.73,5.12E-03,,1.65E-01,,1.54E-01
Soltu.DM.09G023670,glycosyl hydrolase 9B13,AT4G02290,,6.27E-01,-1.91,2.27E-02,,6.79E-01,,9.93E-01,,7.04E-01,,9.40E-01,-2.92,4.54E-06,,6.67E-02,-3.30,7.89E-08,-1.52,1.91E-02,,1.16E-01,,6.90E-02,,1.78E-01,,7.25E-02,,2.40E-01,,5.06E-01,,6.55E-01
Soltu.DM.10G024740,Nucleotide-diphospho-sugar transferases superfamily protein,AT5G03760,,2.12E-01,-5.22,2.04E-02,,2.73E-01,,6.90E-01,-5.03,4.38E-02,,5.77E-01,-4.50,4.96E-04,-3.26,7.10E-03,-2.97,1.07E-02,,3.14E-01,-2.84,4.34E-02,-4.55,1.74E-02,,7.61E-02,,4.26E-01,,3.60E-01,-4.65,1.54E-02,-5.07,6.61E-03
Soltu.DM.03G000530,cellulose synthase like G1,AT4G24010,,2.78E-01,1.09,5.52E-03,0.89,2.17E-02,,8.51E-01,,4.21E-01,,3.86E-01,1.54,6.96E-07,1.22,1.05E-04,2.49,2.15E-16,1.49,2.04E-06,,1.31E-01,,6.20E-01,,5.58E-01,1.28,4.41E-05,,9.84E-01,,6.28E-01,,9.41E-01
Soltu.DM.08G029560,cellulose synthase like G3,AT4G23990,,8.67E-01,,9.05E-01,2.55,4.63E-06,,9.93E-01,,9.00E-01,2.48,4.56E-05,,6.99E-01,,4.24E-01,1.26,1.41E-02,3.42,2.01E-12,2.41,1.56E-06,,5.95E-01,,9.72E-01,2.96,1.30E-09,2.17,1.94E-05,,7.52E-01,,4.05E-01
Soltu.DM.08G003680,cellulose-synthase like D2,AT3G03050,,9.96E-01,1.71,4.82E-02,,5.77E-01,,9.73E-01,,3.34E-01,,5.84E-01,,1.85E-01,-1.49,2.87E-02,,8.23E-01,-1.64,9.71E-03,-2.79,1.27E-05,-2.22,8.86E-04,-2.25,8.18E-04,-1.30,4.28E-02,-2.98,3.15E-06,,3.48E-01,,9.73E-02
Soltu.DM.03G013940,Glycosyl hydrolases family 31  protein,AT3G45940,,3.75E-01,1.87,1.81E-02,,6.31E-01,,8.07E-01,,1.71E-01,,2.95E-01,1.81,4.46E-03,,4.67E-01,2.16,4.68E-04,,1.23E-01,,3.55E-01,2.14,8.48E-04,2.19,6.36E-04,2.43,7.73E-05,,7.69E-01,2.11,1.08E-03,2.17,7.62E-04
Soltu.DM.01G039330,xyloglucan endotransglucosylase/hydrolase,AT5G13870,,7.96E-02,-5.56,1.55E-09,,8.58E-01,,6.51E-01,,7.45E-01,2.42,4.36E-02,,7.72E-02,,8.23E-01,-4.65,2.31E-08,,2.84E-01,1.98,3.31E-02,,6.55E-01,,1.71E-01,,2.74E-01,3.87,7.24E-06,-2.00,4.01E-02,,5.35E-01
Soltu.DM.02G027190,xyloglucan endotransglucosylase/hydrolase,AT4G37800,,7.10E-01,,9.26E-02,-2.13,4.95E-02,,4.39E-01,,7.93E-01,,1.71E-01,-3.97,1.14E-05,,2.93E-01,-2.12,1.38E-02,-3.06,3.01E-04,-4.91,4.72E-08,-2.00,4.33E-02,,9.48E-02,-3.59,1.84E-05,-2.50,5.51E-03,-2.47,1.15E-02,,1.90E-01
Soltu.DM.03G002910,xyloglucan endotransglucosylase/hydrolase,AT1G11545,,8.76E-01,,2.31E-01,1.87,4.15E-02,,7.56E-01,,1.41E-01,2.46,9.39E-03,,3.61E-01,-2.12,6.59E-04,-4.68,4.62E-12,,2.83E-01,3.29,3.77E-06,,1.15E-01,,7.45E-01,,9.36E-01,2.49,7.53E-04,,5.29E-01,-1.55,4.10E-02
Soltu.DM.07G005220,xyloglucan endotransglucosylase/hydrolase,AT5G57550,,5.60E-01,-1.46,5.33E-04,,5.56E-01,,9.92E-01,,3.31E-01,,2.22E-01,1.17,1.37E-03,1.57,8.76E-06,-0.84,2.13E-02,-1.88,7.70E-08,,8.00E-01,,1.38E-01,,2.11E-01,-1.20,8.25E-04,1.22,9.77E-04,,1.65E-01,,8.54E-01
Soltu.DM.07G018430,xyloglucan endotransglucosylase/hydrolase,AT4G03210,,1.13E-01,-1.69,3.49E-03,,1.00E-01,,4.93E-01,,1.44E-01,,6.81E-01,-5.51,3.71E-36,-4.27,3.22E-22,-3.17,9.19E-13,,5.55E-01,-2.00,2.03E-05,-2.13,8.11E-06,-2.28,1.24E-06,,7.26E-01,-1.30,7.80E-03,-2.00,3.28E-05,-2.00,2.75E-05
Soltu.DM.09G030000,xyloglucan endotransglucosylase/hydrolase,AT4G14130,-2.35,8.68E-07,-3.69,4.32E-18,,7.41E-02,-2.47,7.89E-08,-3.30,5.18E-14,,4.27E-01,,7.91E-01,2.04,8.56E-07,-1.81,1.32E-05,-2.04,9.53E-07,,4.79E-01,-1.75,5.50E-05,-2.26,9.18E-08,-2.63,1.33E-10,1.23,5.84E-03,-1.48,8.19E-04,-1.48,8.37E-04
Soltu.DM.10G000420,xyloglucan endotransglucosylase/hydrolase,AT1G11545,,8.46E-01,,9.90E-01,2.57,3.95E-02,,9.79E-01,,9.86E-01,,9.93E-02,,1.76E-01,,7.14E-01,-2.18,3.48E-02,,1.43E-01,2.25,3.73E-02,,5.15E-01,,8.61E-01,,3.68E-01,2.68,1.08E-02,,9.76E-01,,8.82E-01
Soltu.DM.11G020640,xyloglucan endotransglucosylase/hydrolase,AT3G44990,,3.83E-01,,2.80E-01,1.87,3.80E-02,,6.28E-01,,3.05E-01,,2.79E-01,-2.17,2.48E-03,-2.18,2.53E-03,-2.79,7.47E-05,,2.57E-01,,5.53E-02,,4.19E-01,,2.16E-01,,8.86E-01,,6.26E-01,,8.44E-01,,5.94E-01
Soltu.DM.12G002500,xyloglucan endotransglucosylase/hydrolase,AT4G14130,,3.65E-01,,3.83E-01,-1.96,4.56E-03,,3.10E-01,,6.03E-01,,1.44E-01,,2.98E-01,,5.73E-01,-1.17,4.70E-02,-1.81,1.66E-03,-1.33,3.19E-02,,7.23E-01,,8.33E-02,-2.69,1.72E-06,,7.77E-02,,9.92E-01,,4.85E-01
Soltu.DM.07G002190,Xyloglucan endotransglucosylase/hydrolase family protein,AT5G57560,,4.58E-01,,5.63E-01,-1.37,2.07E-02,,1.22E-01,,9.60E-01,,2.48E-01,,1.01E-01,1.70,6.33E-04,2.33,1.05E-06,,4.65E-01,-1.86,1.52E-04,,8.15E-01,,7.82E-01,,9.14E-01,,3.34E-01,,6.28E-01,,5.00E-01
Soltu.DM.03G015040,xyloglucan endotransglycosylase,AT4G25810,,8.55E-01,,9.83E-01,2.91,4.61E-03,,7.76E-01,,9.82E-01,3.39,2.03E-03,,2.12E-01,-2.16,1.57E-02,-3.46,4.47E-05,-2.37,7.10E-03,,9.36E-01,-2.62,4.20E-03,-2.82,1.78E-03,,7.84E-01,,3.37E-01,,5.58E-02,-2.31,1.31E-02
Soltu.DM.03G015050,xyloglucan endotransglycosylase,AT4G25810,,9.95E-01,,8.91E-01,3.15,6.82E-04,,9.57E-01,,8.79E-01,3.86,7.51E-05,,7.43E-02,-2.55,1.66E-03,-4.42,1.20E-08,-2.92,2.43E-04,,9.77E-01,-3.18,1.14E-04,-3.74,3.57E-06,,1.59E-01,,5.26E-01,-2.23,9.64E-03,-2.80,7.65E-04
Soltu.DM.03G015060,xyloglucan endotransglycosylase,AT4G25810,,4.41E-01,,8.04E-01,2.83,7.54E-03,,9.68E-01,,8.33E-01,3.66,8.85E-04,,5.16E-01,-2.51,4.51E-03,-4.28,5.36E-07,-2.76,1.51E-03,,4.62E-01,-3.26,3.87E-04,-2.98,1.01E-03,,8.15E-01,,1.31E-01,,4.41E-01,,1.05E-01
Soltu.DM.03G015070,xyloglucan endotransglycosylase,AT4G25810,,8.94E-01,,8.74E-01,2.83,6.32E-03,,7.87E-01,,9.13E-01,3.45,1.71E-03,,2.48E-01,,1.12E-01,-3.97,2.48E-06,-3.12,2.80E-04,,8.21E-01,-2.81,2.05E-03,-3.07,5.97E-04,,3.16E-01,,1.17E-01,,3.58E-01,,1.08E-01
Soltu.DM.05G018970,xyloglucan endotransglycosylase,AT4G25810,,6.19E-01,,2.19E-01,-1.52,3.12E-02,,2.08E-01,,1.96E-01,,1.16E-01,,2.37E-01,1.58,6.73E-03,2.70,9.66E-07,,5.91E-02,,2.15E-01,,8.90E-01,,3.19E-01,,9.03E-01,,1.04E-01,,4.56E-01,,1.68E-01
Soltu.DM.05G008140,xyloglucan:xyloglucosyl transferase,AT1G10550,,7.42E-01,,8.63E-01,2.88,1.52E-07,,7.83E-01,,6.61E-01,3.13,6.47E-08,-2.49,4.96E-07,-2.94,1.31E-09,-4.24,1.13E-18,-1.39,5.77E-03,,5.93E-01,-2.14,2.78E-05,-2.37,2.61E-06,,2.51E-01,,2.62E-01,-2.40,2.05E-06,-2.99,2.23E-09
Soltu.DM.03G012350,Glycosyl hydrolase family protein,AT1G02640,,3.75E-01,,9.83E-01,1.66,2.51E-16,,1.18E-01,,6.38E-01,1.01,2.51E-05,0.65,7.44E-04,0.56,4.69E-03,,6.65E-01,2.20,4.16E-32,2.96,4.76E-58,1.01,1.63E-07,1.48,3.63E-15,1.90,3.19E-24,2.56,1.32E-43,0.89,4.42E-06,1.34,1.46E-12
Soltu.DM.05G002580,galacturonosyltransferase-like,AT1G13250,,5.63E-01,-1.16,2.56E-02,,4.62E-01,,2.09E-01,-1.37,9.47E-03,,4.51E-01,-2.35,6.40E-10,-1.37,4.51E-04,-3.53,1.35E-21,-1.42,2.23E-04,,6.55E-01,-1.14,7.27E-03,-1.63,7.25E-05,-1.72,5.30E-06,,3.61E-01,-1.17,6.05E-03,-1.46,4.31E-04
Soltu.DM.02G029940,Nucleotide-diphospho-sugar transferases superfamily protein,AT3G50760,,6.35E-01,,8.59E-01,-1.75,3.58E-02,,9.09E-01,,8.15E-01,-2.01,2.80E-02,-2.71,8.33E-05,,4.06E-01,,1.61E-01,,5.71E-01,-4.19,5.01E-10,-1.74,1.85E-02,-2.46,7.01E-04,,1.57E-01,-2.68,8.02E-05,,4.46E-01,,8.41E-01
Soltu.DM.04G034810,Nucleotide-diphospho-sugar transferases superfamily protein,AT1G19300,,4.09E-01,,1.45E-01,-1.34,4.13E-03,,9.81E-01,,6.63E-01,,2.19E-01,-1.69,7.29E-06,-1.35,3.80E-04,-3.53,1.38E-22,-1.57,2.63E-05,,5.93E-01,1.05,1.46E-02,1.06,1.07E-02,-1.18,1.79E-03,1.00,1.41E-02,1.55,1.32E-04,1.35,8.57E-04
Soltu.DM.01G027350,Pectin lyase-like superfamily protein,AT3G07970,5.68,3.22E-02,5.49,2.97E-02,,8.68E-01,,5.87E-02,6.02,2.28E-02,,8.75E-01,-5.78,3.28E-03,-4.80,1.69E-02,6.03,7.46E-03,8.39,1.48E-04,,1.13E-01,,4.81E-01,,6.54E-01,7.11,1.44E-03,,8.29E-02,,6.42E-01,,5.07E-01
Soltu.DM.02G010210,Pectin lyase-like superfamily protein,AT2G43870,7.93,3.82E-04,,NA,,8.28E-01,6.83,3.52E-03,8.23,1.72E-04,,7.45E-01,-7.62,3.61E-05,-4.56,2.24E-02,,1.16E-01,5.84,8.02E-04,-4.74,1.85E-02,3.81,1.33E-02,,5.36E-02,,1.79E-01,-4.90,1.47E-02,,1.02E-01,4.39,4.55E-03
Soltu.DM.02G011180,Pectin lyase-like superfamily protein,AT4G20050,3.40,5.48E-03,3.24,6.69E-03,,6.54E-01,,5.03E-01,,4.89E-01,,8.35E-01,,8.11E-02,,2.91E-01,,6.38E-01,2.59,1.00E-02,,2.52E-01,3.99,5.74E-05,,7.87E-01,,1.37E-01,,4.28E-01,3.46,6.23E-04,2.97,9.63E-03
Soltu.DM.02G033640,Pectin lyase-like superfamily protein,AT4G24780,,5.48E-01,,9.39E-01,3.15,1.03E-08,,8.28E-01,,9.07E-01,,8.22E-02,-2.18,6.77E-06,-1.74,4.71E-04,-3.82,5.53E-15,1.13,2.50E-02,2.77,4.61E-08,,8.95E-02,1.14,3.83E-02,,6.27E-01,1.79,7.41E-04,-1.46,5.97E-03,,2.52E-01
Soltu.DM.07G014640,Pectin lyase-like superfamily protein,AT3G07820,,3.69E-01,,8.19E-01,-1.97,5.51E-04,,3.05E-01,,7.95E-01,,2.61E-01,-3.13,2.17E-05,,2.77E-01,-1.20,1.04E-02,-3.18,1.96E-11,-5.11,2.68E-13,-1.88,3.38E-03,-2.77,1.90E-06,-3.83,8.29E-15,-3.36,2.19E-10,-1.70,7.06E-03,-2.05,2.20E-04
Soltu.DM.08G028230,Pectin lyase-like superfamily protein,AT4G23500,1.46,4.79E-03,1.09,4.23E-02,,8.79E-01,,6.07E-01,,5.40E-01,,2.64E-01,,8.13E-02,,4.37E-01,,8.96E-01,,1.79E-01,-1.44,5.06E-04,,8.78E-01,,6.88E-01,-0.89,3.23E-02,-1.34,1.26E-03,,4.67E-01,,8.91E-01
Soltu.DM.09G028450,Pectin lyase-like superfamily protein,AT4G13710,,5.67E-01,,1.83E-01,2.78,2.49E-04,,6.84E-01,,9.22E-01,1.86,4.82E-02,,1.16E-01,-1.48,2.70E-02,-5.25,8.49E-17,,7.37E-01,3.87,2.76E-09,,6.80E-01,,5.64E-02,,1.59E-01,2.81,2.83E-05,,9.73E-02,,3.70E-01
Soltu.DM.03G037430,pectin methylesterase,AT3G14310,,8.60E-01,,5.11E-01,1.17,1.97E-02,,2.42E-01,-1.33,1.55E-02,,8.74E-01,,7.75E-02,,1.18E-01,-3.18,3.43E-16,-1.39,6.43E-04,2.56,1.37E-10,1.20,5.62E-03,1.57,1.72E-04,-1.04,1.26E-02,2.83,9.66E-13,1.20,6.12E-03,1.34,1.77E-03
Soltu.DM.08G003110,Pectinacetylesterase family protein,AT4G19420,,9.60E-01,-1.20,2.65E-02,1.46,2.91E-03,,9.88E-01,-1.76,4.44E-04,,2.33E-01,2.95,1.43E-13,,8.76E-01,1.51,2.45E-04,,2.88E-01,1.95,2.68E-06,,2.70E-01,1.19,6.94E-03,1.76,1.79E-05,,7.98E-01,-2.51,9.20E-10,-2.39,6.53E-09
Soltu.DM.08G003120,Pectinacetylesterase family protein,AT4G19420,,7.35E-01,-1.02,3.25E-03,,8.03E-01,,6.34E-01,,7.53E-02,,9.61E-01,-0.67,2.51E-02,-1.78,5.09E-11,-0.86,2.26E-03,-0.62,3.63E-02,,1.96E-01,-0.77,1.12E-02,-0.70,2.37E-02,0.65,2.42E-02,,4.46E-01,-1.42,5.11E-07,-0.98,9.04E-04
Soltu.DM.08G006000,Pectinacetylesterase family protein,AT4G19420,,8.24E-01,,NA,-2.73,3.06E-02,,5.85E-01,,8.12E-01,,7.28E-01,,3.26E-01,,9.03E-01,,4.67E-01,,6.93E-02,-2.17,4.19E-02,,3.92E-01,-2.87,1.59E-02,-2.32,1.81E-02,,2.17E-01,,9.62E-01,,9.99E-01
Soltu.DM.01G031690,Plant invertase/pectin methylesterase inhibitor superfamily,AT2G45220,-2.14,1.11E-02,,1.44E-01,,3.16E-01,,9.42E-01,,5.11E-01,,7.51E-01,,3.40E-01,,8.11E-01,-1.79,3.38E-03,-1.40,2.74E-02,,7.44E-01,-1.53,3.05E-02,,2.33E-01,-1.39,2.72E-02,,8.21E-01,,8.47E-01,,4.26E-01
Soltu.DM.01G039680,Plant invertase/pectin methylesterase inhibitor superfamily,AT3G05620,2.21,2.57E-03,,2.24E-01,,3.48E-01,1.96,1.16E-02,,6.76E-01,,7.17E-01,-1.74,4.19E-03,-1.10,4.68E-02,,9.29E-01,,2.41E-01,-2.49,1.80E-05,,5.37E-01,,8.69E-01,,7.88E-01,,8.50E-02,,3.03E-01,,9.49E-01
Soltu.DM.05G019240,Plant invertase/pectin methylesterase inhibitor superfamily,AT2G26440,,8.08E-01,-3.28,8.70E-03,,9.54E-01,,7.55E-01,,3.18E-01,,8.99E-01,-4.74,7.00E-10,-6.09,1.12E-15,-4.08,2.61E-07,1.88,1.90E-02,,2.03E-01,,9.11E-02,,8.54E-01,2.84,2.28E-04,,4.26E-01,-2.56,2.02E-02,,3.52E-01
Soltu.DM.05G024820,Plant invertase/pectin methylesterase inhibitor superfamily,AT5G49180,,8.94E-01,,7.16E-01,-2.32,2.56E-02,,8.74E-01,,9.88E-01,,3.31E-01,,1.86E-01,,5.22E-02,3.89,3.92E-05,2.39,1.96E-02,,7.81E-01,,7.03E-02,,6.03E-01,5.20,2.09E-08,,8.15E-01,2.60,3.25E-03,,2.72E-01
Soltu.DM.06G013790,Plant invertase/pectin methylesterase inhibitor superfamily,AT3G49220,,3.06E-01,,2.27E-01,1.37,9.56E-03,,1.76E-01,,2.20E-01,,1.59E-01,,5.60E-02,-1.10,1.51E-02,-4.01,3.12E-22,-1.03,2.19E-02,2.09,1.61E-06,,9.72E-01,,7.93E-01,-0.98,3.01E-02,1.94,1.02E-05,,7.33E-01,,8.86E-01
Soltu.DM.03G015440,Plant invertase/pectin methylesterase inhibitor superfamily protein,AT5G62360,-2.39,5.58E-04,-2.59,6.82E-05,-2.43,1.61E-04,,1.65E-01,,1.04E-01,,4.22E-01,-4.73,1.53E-18,-5.04,5.51E-21,-4.96,1.93E-20,-1.36,1.93E-02,,6.86E-02,,9.15E-02,-1.62,7.43E-03,,3.15E-01,,2.89E-01,,1.97E-01,-1.33,3.42E-02
Soltu.DM.03G015480,Plant invertase/pectin methylesterase inhibitor superfamily protein,AT5G62360,-2.33,3.78E-05,-2.71,2.03E-07,-2.30,1.32E-05,-1.52,1.84E-02,-1.84,1.96E-03,,1.89E-01,-4.16,2.09E-20,-4.09,5.79E-20,-4.61,3.23E-25,-1.89,4.72E-05,-1.43,3.62E-03,-1.46,4.85E-03,-2.00,4.27E-05,-1.12,2.04E-02,,2.84E-01,,6.51E-02,-1.48,3.52E-03
Soltu.DM.08G001850,Plant invertase/pectin methylesterase inhibitor superfamily protein,AT3G62820,1.57,4.80E-02,-2.13,7.03E-04,,4.35E-01,,3.64E-01,-1.49,4.73E-02,,7.55E-01,-3.92,1.03E-13,-1.55,2.13E-03,-1.34,8.10E-03,,9.89E-01,-2.59,2.64E-06,,5.52E-01,-1.25,3.14E-02,,5.23E-01,,8.36E-01,-1.36,2.04E-02,,1.05E-01
Soltu.DM.05G021100,Rhamnogalacturonate lyase family protein,AT1G09910,,7.32E-02,3.13,1.09E-02,,1.29E-01,,8.27E-01,,6.07E-01,-2.73,4.76E-02,,2.75E-01,,5.66E-01,,1.27E-01,,2.35E-01,,1.76E-01,2.97,3.87E-03,,9.60E-02,,9.66E-01,-2.20,3.66E-02,2.88,5.45E-03,,1.46E-01
Soltu.DM.12G006530,Rhamnogalacturonate lyase family protein,AT1G09890,-1.75,7.21E-05,,8.66E-01,,7.40E-01,-1.77,3.49E-05,,7.85E-01,,8.56E-01,,3.01E-01,,6.24E-01,,7.97E-01,-2.13,3.82E-09,-2.45,1.53E-11,-3.98,5.58E-29,-4.06,4.72E-30,,4.58E-01,,9.63E-01,,8.46E-01,,8.85E-01
Soltu.DM.05G008440,polygalacturonase,AT1G70370,,4.21E-01,-1.61,1.52E-03,,7.62E-01,,3.16E-01,-1.85,2.60E-04,,5.54E-01,4.04,2.09E-22,3.00,3.84E-13,1.86,5.64E-06,-3.24,1.29E-14,-1.06,1.75E-02,-1.43,1.06E-03,-1.36,1.92E-03,-2.56,7.67E-10,-1.42,1.00E-03,-2.80,1.08E-11,-2.80,1.36E-11
Soltu.DM.06G019720,pleiotropic drug resistance,AT2G26910,,1.15E-01,,8.71E-01,1.34,1.51E-02,,2.53E-01,,6.79E-01,,4.25E-01,-2.48,2.36E-09,-2.36,1.65E-08,-4.28,2.45E-24,,3.48E-01,2.25,3.88E-07,1.93,1.08E-05,2.47,1.31E-08,,6.39E-01,1.68,2.60E-04,,3.64E-01,1.47,1.47E-03
Soltu.DM.01G044620,white-brown complex homolog protein,AT1G17840,,6.63E-01,2.67,8.23E-03,,2.33E-01,,3.15E-01,4.51,2.67E-07,,2.93E-01,-4.48,2.38E-11,-9.07,3.28E-34,-3.30,1.92E-06,3.75,2.73E-08,2.57,4.09E-04,2.03,6.79E-03,2.62,2.80E-04,3.18,2.85E-06,-2.60,1.87E-03,,1.89E-01,,4.56E-01
Soltu.DM.01G044650,white-brown complex homolog protein,AT1G17840,,6.59E-01,,4.47E-01,-1.26,2.77E-02,,7.09E-01,,9.06E-01,-1.36,3.17E-02,-4.69,5.30E-27,-1.47,1.67E-03,,1.40E-01,3.36,3.06E-14,,2.68E-01,1.09,3.20E-02,1.20,1.60E-02,1.00,3.66E-02,,6.80E-01,,7.39E-02,1.43,3.36E-03
Soltu.DM.05G021330,white-brown complex homolog protein,AT1G17840,1.13,2.94E-02,2.08,5.97E-07,,3.37E-01,,4.02E-01,1.53,1.11E-03,,5.23E-01,,7.63E-01,-1.12,4.12E-03,1.66,1.14E-05,2.77,6.66E-14,0.96,1.72E-02,2.62,1.34E-12,2.03,6.78E-08,1.73,4.99E-06,-1.05,9.15E-03,1.56,5.78E-05,0.93,2.58E-02
Soltu.DM.05G021350,white-brown complex homolog protein,AT1G17840,,1.18E-01,2.17,1.43E-06,,7.63E-01,,7.81E-01,1.41,8.77E-03,,5.68E-01,,5.06E-01,-0.98,2.21E-02,1.82,5.88E-06,1.92,1.72E-06,,3.77E-01,1.62,1.01E-04,1.20,5.54E-03,1.27,2.04E-03,-1.52,2.70E-04,,5.70E-02,,5.43E-01
Soltu.DM.05G021360,white-brown complex homolog protein,AT1G17840,,7.48E-02,2.08,2.31E-07,,9.67E-01,,6.19E-01,1.59,3.18E-04,,8.32E-01,,8.88E-01,-1.21,1.15E-03,1.57,2.03E-05,3.49,1.15E-22,1.85,4.81E-07,2.83,2.30E-15,2.46,9.66E-12,2.68,8.80E-14,,8.50E-01,2.01,4.73E-08,1.67,7.87E-06
Soltu.DM.04G036990,expansin,AT1G20190,,3.82E-01,-2.71,2.28E-04,,5.08E-01,,9.05E-01,,9.84E-01,,7.11E-02,-2.31,2.12E-04,-1.71,7.03E-03,-4.56,2.65E-14,,4.20E-01,1.67,1.25E-02,,9.79E-01,,8.26E-01,,4.60E-01,2.32,3.05E-04,,1.58E-01,,4.17E-01
Soltu.DM.06G004100,expansin A4,AT2G39700,,7.06E-01,,9.10E-01,1.87,2.03E-04,,8.57E-01,,8.96E-01,,3.89E-01,-1.69,7.41E-05,-1.42,9.90E-04,-3.43,1.98E-16,,9.33E-01,1.68,1.77E-04,,2.98E-01,,1.25E-01,,2.09E-01,1.42,1.86E-03,,5.83E-01,,2.89E-01
Soltu.DM.06G009010,expansin A4,AT2G39700,,8.52E-01,,1.38E-01,1.90,3.02E-03,,6.35E-01,,2.91E-01,,5.38E-01,-2.05,1.03E-04,-2.46,3.23E-06,-2.90,3.10E-08,1.59,2.82E-03,2.45,6.59E-06,,2.04E-01,1.22,4.12E-02,,9.42E-01,,4.65E-01,,7.37E-01,,1.66E-01
Soltu.DM.08G001190,expansin-like B1,AT4G17030,4.00,3.48E-02,4.25,1.78E-02,,5.25E-01,,6.62E-01,,1.97E-01,,3.07E-01,,2.97E-01,,4.62E-01,,6.76E-02,,6.60E-01,-3.47,1.73E-02,,2.39E-01,,9.11E-01,,5.24E-01,-4.87,6.90E-04,,7.00E-01,,8.55E-01
Soltu.DM.04G026420,extensin,NA,,3.95E-01,,9.21E-01,3.81,4.08E-04,,9.12E-01,,7.51E-01,,7.80E-01,,5.62E-02,,9.11E-01,,7.43E-01,,1.69E-01,,9.47E-01,-2.50,1.30E-02,,8.16E-01,,6.69E-01,,5.41E-01,-3.30,7.15E-04,,6.13E-01
Soltu.DM.08G025180,extensin-like protein,AT4G12510,,2.21E-01,1.50,3.53E-04,3.32,3.61E-19,,8.58E-01,,2.32E-01,1.41,2.67E-03,,9.35E-01,-3.60,1.63E-26,-2.69,1.65E-14,2.57,7.08E-14,5.21,2.11E-52,2.60,6.81E-14,4.00,8.49E-32,3.55,9.87E-26,2.63,1.18E-13,0.81,4.02E-02,1.94,5.88E-08
Soltu.DM.07G015230,FASCICLIN-like arabinogalactan,AT4G12730,,3.54E-01,-3.26,1.12E-02,,7.46E-01,,9.05E-01,,6.38E-01,,4.46E-01,-5.41,1.58E-10,-5.34,8.35E-11,-6.27,8.85E-14,,5.60E-01,,8.57E-01,,9.41E-02,,6.31E-01,,7.69E-01,,2.36E-01,-2.55,2.40E-02,,3.96E-01
Soltu.DM.07G017630,Glycine-rich cell wall structural protein,NA,1.49,2.24E-03,,1.96E-01,2.24,7.33E-08,1.23,2.04E-02,,2.47E-01,,4.79E-01,-5.42,1.33E-50,-5.37,4.70E-47,-3.91,5.12E-27,1.25,9.20E-04,,6.28E-01,-1.01,1.48E-02,,3.25E-01,,9.88E-01,-1.45,4.76E-04,-2.91,1.41E-14,-1.14,7.33E-03
Soltu.DM.01G007280,hydroxyproline-rich glycoprotein family protein,AT2G33490,,6.25E-02,,7.08E-01,-1.14,1.31E-05,,3.69E-01,,9.22E-01,-0.91,2.36E-03,,7.91E-01,-0.57,1.96E-02,2.30,6.59E-25,0.89,1.49E-04,-1.49,8.60E-11,,3.33E-01,,5.86E-01,1.18,2.85E-07,-1.69,1.22E-13,,1.78E-01,-0.87,3.98E-04
Soltu.DM.01G045040,hydroxyproline-rich glycoprotein family protein,NA,,9.01E-01,,3.09E-01,-1.91,2.89E-02,,5.28E-01,,2.11E-01,,9.82E-01,-2.71,2.35E-06,,9.14E-02,-1.21,4.43E-02,1.21,3.43E-02,,7.38E-01,1.83,1.67E-02,,4.57E-01,,2.31E-01,,1.64E-01,1.92,1.18E-02,2.12,3.76E-04
Soltu.DM.02G007340,hydroxyproline-rich glycoprotein family protein,AT5G65660,,9.42E-01,,6.84E-02,1.49,6.17E-03,,7.78E-01,,6.45E-01,1.88,8.07E-04,-1.12,1.35E-02,-1.88,7.38E-06,-1.66,2.01E-04,,8.78E-01,,2.51E-01,,1.29E-01,-1.62,4.52E-04,,7.66E-02,,3.51E-01,,8.74E-01,,6.94E-02
Soltu.DM.11G009410,leucine-rich repeat/extensin,AT1G12040,,9.80E-01,-2.15,1.98E-03,,4.67E-01,,7.22E-01,,2.16E-01,,7.70E-01,-2.22,6.66E-05,-1.80,9.76E-04,-3.64,2.05E-12,-2.77,1.23E-07,-1.35,2.47E-02,,3.26E-01,-2.24,1.25E-04,-1.89,3.95E-04,,9.67E-01,-1.58,1.19E-02,-1.56,9.33E-03
Soltu.DM.12G002730,O-fucosyltransferase family protein,AT1G20550,,3.18E-01,,NA,-3.77,1.54E-02,,8.47E-01,,9.40E-01,,9.68E-01,,1.39E-01,,2.44E-01,,5.43E-01,,4.88E-01,,1.20E-01,3.72,6.23E-03,,4.20E-01,,4.36E-01,,1.97E-01,2.88,4.44E-02,,1.67E-01
Soltu.DM.09G002300,"Core-2/I-branching beta-1,6-N-acetylglucosaminyltransferase family protein",AT2G37585,,8.03E-01,,9.87E-01,1.18,1.73E-02,,8.33E-01,,9.89E-01,,6.34E-01,,2.19E-01,,8.44E-02,,3.36E-01,,1.07E-01,,2.20E-01,,6.17E-02,,9.29E-01,,8.01E-02,,3.70E-01,,9.97E-02,,9.10E-01
Soltu.DM.04G030280,arabinogalactan protein,NA,,6.01E-01,,8.89E-01,-1.38,7.32E-03,,9.72E-01,,5.76E-01,,3.58E-01,-1.26,4.85E-03,,3.70E-01,,1.85E-01,-1.42,9.96E-04,-3.29,3.04E-15,-1.45,1.31E-03,-2.56,1.89E-09,,6.16E-01,-1.32,3.07E-03,,7.45E-01,,8.50E-01
Soltu.DM.05G002190,proline-rich extensin-like receptor kinase,AT1G26150,1.03,2.09E-03,,2.56E-01,-0.77,1.93E-02,0.99,3.55E-03,,8.47E-01,,6.63E-02,-1.05,9.46E-05,-3.27,2.13E-38,1.22,3.35E-06,0.61,2.87E-02,-1.66,2.99E-10,,6.94E-01,,9.50E-01,2.63,3.21E-25,-1.86,1.22E-12,-0.62,3.68E-02,-0.99,3.63E-04
Soltu.DM.04G000840,"NAC-like, activated by AP3/PI",AT1G69490,,1.43E-01,1.32,8.47E-06,,1.73E-01,0.77,3.94E-02,1.38,4.12E-06,,2.86E-01,1.72,2.54E-11,1.55,1.94E-09,1.70,2.92E-11,,4.50E-01,,4.43E-01,,2.59E-01,,5.64E-02,0.55,4.78E-02,,1.97E-01,1.23,4.47E-06,1.31,8.16E-07
Soltu.DM.05G005300,"NAC-like, activated by AP3/PI",AT1G69490,1.28,5.29E-04,1.14,1.90E-03,,1.81E-01,1.21,1.01E-03,1.01,1.28E-02,,3.18E-01,1.94,4.84E-11,,6.66E-02,2.88,1.54E-23,-0.76,1.54E-02,-1.71,1.25E-08,,7.80E-01,,9.95E-01,0.99,1.16E-03,-1.30,2.41E-05,,2.81E-01,,6.00E-01
Soltu.DM.05G019050,phosphomannomutase,AT2G45790,,6.79E-01,,3.07E-01,1.45,2.76E-02,,6.24E-01,,8.70E-01,,4.66E-01,-1.89,1.40E-04,,4.24E-01,,4.80E-01,5.40,1.19E-28,3.95,4.08E-15,2.95,3.56E-09,3.82,1.36E-14,1.44,6.42E-03,1.40,1.22E-02,,1.54E-01,,5.37E-01
Soltu.DM.09G001010,O-fucosyltransferase family protein,AT2G37980,,7.80E-01,,7.82E-01,-1.56,1.09E-02,,9.40E-01,,8.49E-01,,9.06E-02,,2.90E-01,-1.46,4.65E-03,,8.47E-01,-1.07,4.22E-02,,3.24E-01,1.29,1.85E-02,,1.87E-01,,2.72E-01,,7.84E-02,,6.98E-01,,9.70E-01
Soltu.DM.10G010450,O-fucosyltransferase family protein,AT2G44500,,8.36E-01,,8.26E-01,-1.22,3.04E-02,,9.79E-01,,9.41E-01,,1.75E-01,1.55,7.83E-04,,9.55E-01,,6.81E-01,-2.40,6.07E-08,,2.44E-01,,1.05E-01,,6.75E-01,-1.11,1.70E-02,,6.74E-02,,9.04E-01,,8.97E-01
Soltu.DM.04G036030,Walls Are Thin,AT1G75500,,6.71E-01,-4.01,1.57E-07,,6.11E-01,,9.02E-01,,8.88E-01,,4.93E-01,,3.50E-01,-1.60,1.76E-02,-4.49,4.87E-13,-3.51,2.43E-08,,7.71E-01,,8.18E-01,,3.07E-01,-2.51,8.28E-05,,6.70E-01,-3.08,1.97E-05,,3.59E-01
Soltu.DM.12G007030,cryptochrome,AT4G08920,,9.87E-01,,4.09E-01,1.08,4.32E-02,,9.18E-01,,4.58E-01,,2.01E-01,1.13,9.89E-03,1.51,3.85E-04,,1.06E-01,,8.69E-02,1.08,1.60E-02,,9.91E-01,,4.70E-01,-1.41,8.73E-04,,7.85E-02,,5.78E-01,,2.28E-01
Soltu.DM.10G025040,cell wall invertase,AT3G52600,,7.14E-02,1.10,1.34E-02,,5.58E-01,,9.31E-01,,6.77E-01,,6.58E-02,-2.22,4.71E-11,-1.72,4.98E-07,1.68,7.91E-07,3.60,2.37E-27,,4.83E-01,0.93,1.32E-02,,6.58E-02,2.87,7.96E-18,,1.87E-01,0.90,1.85E-02,,5.89E-02
Soltu.DM.01G005480,golgi nucleotide sugar transporter,AT2G13650,2.38,4.21E-05,,8.67E-02,,2.18E-01,1.73,7.45E-03,1.49,2.96E-02,,4.68E-01,-3.81,9.18E-16,-2.20,5.48E-06,1.77,2.92E-04,3.56,5.82E-14,-2.03,5.48E-05,1.18,2.79E-02,,6.16E-01,2.71,1.53E-08,-1.26,1.60E-02,,2.13E-01,,1.23E-01
